Name,Sequence
Primer_CoV1,GTGACTTCCATGCCAATG
Primer_CoV2,CTGATTTTGGGGTCCATTATC
Primer_CoV3,GAAATGGTGAATTGCCCTC
Primer_CoV4,GATAGCAATTCCACCGGTG
Primer_CoV5,CAGTATAACCACCAATCTG
Primer_CoV6,CATTAATGCCAGAGATGTC
Primer_CoV7,GTATTTGTAATGCAGCAC
Primer_CoV8,CTTCTGTGCAGTTAACATC
Primer_CoV9,GATTCTGTTGGTTGGAC
Primer_CoV10,GAATGTAAAACTGAGGATCTG
Primer_CoV11,CAGCTGTACCTGGTGCAAC
Primer_CoV12,CACTACCTTCTGTAATAAG
Primer_CoV13,CATACAAACTGCCACCATC
Primer_CoV14,GTCCTTTGTACATAAGTG
Primer_CoV15,GAGCTGATTTGTCTTTATGTG
Primer_CoV16,CAGCATCACCATAGTCAC
Primer_CoV17,CGAACCGTTCAATCATAAG
Primer_CoV18,CACCATAGAATTTGCTTGTTC
Primer_CoV19,CTAGCTCTCTGAAGTGGTATC
Primer_CoV20,GTTTCTTCATGTTGGTAG
Primer_CoV21,CTAGCCCATTTCAAATCCTG
Primer_CoV22,GTTGTCCAGCATTTCTTCAC
Primer_CoV23,GACAAACTAGTATCAACCATATC
Primer_CoV24,CTGTCCTGGTTGAATGCGAAC
Primer_CoV25,CAGAGTACAGTGAATGAC
Primer_CoV26,GTAGATGCTATGTCACGAG
Primer_CoV27,GAACCTTTAGTGTTATTAG
Primer_CoV28,GTTCAAATAGCCTTCTCTG
Primer_CoV29,CTTAAAAGAGGGTGTGTAG
Primer_CoV30,CTCACCTACTGTCTTATTAC
Primer_CoV31,CATTTAGATCGTTAAGTGTG
Primer_CoV32,GTGCGAACAGTATCTACAC
Primer_CoV33,CACAACACAGGCGAACTC
Primer_CoV34,CACCTTCCTTAAACTTCTC
Primer_CoV35,CTTCTGAATTGTGACATGCTG
Primer_CoV36,GTCTCACCACTACGACCG
Primer_CoV37,GTTCACGGCAGCAGTATACACC
Primer_CoV38,TCCACAAAAGCACTTGTGGAAGC
Primer_CoV39,TGTGGGAAGTGTTTCTCCCTC
Primer_CoV40,GTCTGAACAACTGGTGTAAGTTCC
Primer_CoV41,ATTTCAGTAGTGCCACCAGCC
Primer_CoV42,CATGTCCACAACTTGCGTGTG
Primer_CoV43,AGCACCGTCTATGCAATACAAAG
Primer_CoV44,ACAGCAGCTAAACCATGAGTAGC
Primer_CoV45,ACAACCGTCTACAACATGCAC
Primer_CoV46,GTCACGGGGTGTCATGTTTTC
Primer_CoV47,CGTGTGTCAGGGCGTAAACTTTC
Primer_CoV48,GAGCCTTTGCGAGATGACAAC
Primer_CoV49,AACGGCAATTCCAGTTTGAGC
Primer_CoV50,GCGGTTGAGTAAACAAAAGAGGC
Primer_CoV51,GGGAACACAACCATCTCTTGC
Primer_CoV52,ACGATGCACCACCAAAGGATTC
Primer_CoV53,AATACCAGCATTTCGCATGGCA
Primer_CoV54,TAGCAGCATTACCATCCTGAGC
Primer_CoV55,TGCATTAACATTGGCCGTGAC
Primer_CoV56,ACAACCTGGAGCATTGCAAAC
Primer_CoV57,TCACATAGTGCATCAACAGCGG
Primer_CoV58,TAAAGTTGCCACATTCCTACGTGG
Primer_CoV59,TAACAAAGCACTCGTGGACAGC
Primer_CoV60,CCTGTTGTCCATCAAAGTGTCCC
Primer_CoV61,GATGAACCTGTTTGCGCATCTG
Primer_CoV62,CTATTTGTTCGCGTGGTTTGCC
Primer_CoV63,ACCCTGTTTTCCTTCAAGGTCC
Primer_CoV64,TGCTACCGGCCTGATAGATTTC
Primer_CoV65,TGCTGCATTCAGTTGAATCACC
Primer_CoV66,CAGAAGCTCTGATTTCTGCAGC
Primer_CoV67,TTGCAGTAGCGCGAACAAAATC
Primer_CoV68,ACGCACACAATCGAAGCGCAG
Primer_CoV69,TGCCAATCCTGTAGCGACTGTATGC
Primer_CoV70,AGGACACGGGTCATCAACTAC
Primer_CoV71,TGCCAGCCATTCTAGCAGGAG
Primer_CoV72,TGTGGTGGCTCTTTCAAGTCC
Primer_CoV73,TTTTGTCATTCTCCTAAGAAGC,